1,Ratones paranoicos
2,Saratoga
3,Saúl Hernández
4,Scott Stapp
5,Sepultura
6,Skillet
7,Stravaganzza
8,The Academy Is
9,The Fall
10,The Sisters of Mercy
11,Turf
12,Ulcerate
13,Vilma Palma e Vampiros
14,Korkiplaani
15,La 5ta estación
16,Los Caligaris
17,Mayhem
18,Napalm Death
19,NTVG (No Te Va Gustar)
20,Overkill
21,Paulina Rubio
22,Pibes Chorros
23,Emigrate
24,Estados alterados
25,Exodus
26,Fabiana Cantilo
27,Fear Factory
28,Gegga
29,Gloria Trevi
30,Gothminister
31,In Flames
32,Inmolation
33,Jaguares
34,Jovenes pordioseros
35,Joy Division
36,Kings Of Leon
37,Bersuit Vergarabat
38,Blake
39,Calle 13
40,Callejeros
41,La 25
42,La beriso
43,La Vela Puerca
44,Las Pelotas
45,Los Gardelitos
46,Salta La Banca
47,Sui Generis
48,Coal Chamber
49,Crazytown
50,Cypress Hill
51,Damas Gratis
52,Dark funeral
53,DarkThrone
54,Dead by april
55,Dokken
56,Echo & the bunnymen
57,2 Minutos
58,Accept
59,Alejandra Guzmán
60,Attila
61,Audio Adrenaline
62,Beret
63,David Bowie
64,Burzum
65,Cannibal Corpse
66,Carcass
67,Ski Mask the Slump God
68,Kim Jong-hyun (Jonghyun) 
69,KEY
70,Lay (Zhang Yixing)
71,Minho (Choi Min-ho)
72,Onew (Lee Jin-ki)
73,RYEOWOOK (Kim Ryeo Wook)
74,Soundtracks
75,SUPER JUNIOR
76,Taeyeon (Kim Tae-yeon)
77,the GazettE
78,The Rasmus
79,세븐틴 (SEVENTEEN o SVT)
80,태민 (TAEMIN)
81,헤이즈 (Jang Da-hye o Heize)
82,Lali
83,LiSA
84,Little Mix
85,Mamamoo
86,Melanie Martinez
87,Monsta X
88,NCT
89,NU EST
90,Red Velvet
91,RM
92,Scandal
93,Stray Kids
94,Stromae
95,Suga
96,Troye Sivan
97,WayV
98,Years And Years
99,Yousei Teikoku
100,Zayn
101,SuperM
102,Sunmi
103,Selena Gomez
104,(G)I-DLE (GIDLE)
105,A.C.E (ACE)
106,Amber Liu
107,Andrés Cepeda
108,ATEEZ
109,Big Time Rush
110,BIGBANG (Big Bang)
111,BLACKPINK
112,BoA
113,Camila Cabello
114,CHUNG HA
115,CLC
116,Day6
117,Dreamcatcher
118,EVERGLOW
119,BAEKHYUN
120,EXO-CBX
121,EXO-SC
122,GOT7
123,Harry Styles
124,HOLLAND
125,iKON
126,J-Hope
127,Jackson Wang
128,Jade Bird
129,KARD
130,Kim Dong Han
131,Thee Oh Sees
132,Thievery Corporation
133,Thieves Like Us
134,Toy
135,Trans-Siberian Orchestra
136,Twice
137,Unknown Mortal Orchestra
138,Vampire Weekend
139,Vök
140,Vulfpeck
141,Wagakkiband
142,Weyes Blood
143,White Hills
144,XXXTentacion
145,Young the Giant
146,Zablujena generacija
147,Röyksopp
148,Sexwitch
149,Simon Fuga
150,Skinshape
151,Sleep Party People
152,Slift
153,Smallpools
154,Soft Hair
155,Sticky Fingers
156,Stonefield
157,Summer Walker
158,Taco Hemingway
159,The Avett Brothers
160,The Babe Rainbow (AUS)
161,The Chainsmokers
162,The Claypool Lennon Delirium
163,The Darts - US
164,The Fearless Flyers
165,The Holydrug Couple
166,The Horrors
167,The ILYs
168,The Murlocs
169,The Soft Moon
170,nothing nowhere
171,Of Mice & Men
172,Oh Sees
173,Opeth
174,ORB
175,Placebo
176,Post Animal
177,Post Malone
178,Professor Soap
179,Psychedelic Porn Crumpets
180,Psychotic Waltz
181,Nick Cave & The Bad Seeds
182,Air
183,Alas
184,Allah-Las
185,Andy Shauf
186,Aurora
187,Babe Rainbow
188,Bedroom
189,Beggars Opera
190,Boy Pablo
191,Cabaret Nocturne
192,Car Bomb
193,Car Seat Headrest
194,Cave
195,Com Truise
196,Connan Mockasin
197,Coroner
198,Crucis
199,Crystal Castles
200,Dayseeker
201,Deep Winter
202,Djo
203,El Ten Eleven
204,Emily Wells
205,Equinoxious
206,Estas Tonne
207,Fonez
208,FUR
209,Future Shuttle
210,Gus Dapperton
211,Hatfield and the North
212,Heilung
213,Homeshake
214,Issues
215,Jack Stauber
216,Jam n Slate
217,Jordan Rudess
218,Kane Strang
219,Kevin Gates
220,Khruangbin
221,King Gizzard & the Lizard Wizard
222,Kraftwerk
223,La Luz
224,La Maquina de Hacer Pajaros
225,Lacuna Coil
226,Lax n Busto
227,Leah Senior
228,LSD
229,Lucie  Too
230,m83
231,Mac DeMarco
232,Metronomy
233,Morphine
234,Motorama
235,Taylor Swift
236,Trivium
237,X Ambassadors
238,YBN Cordae
239,Maluma
240,Migos
241,NF
242,Ozuna
243,Paulo Londra
244,Reik
245,Rico Nasty and Kenny Beats
246,Sabrina Carpenter
247,Snoop Dogg
248,Solange
249,Justin Bieber
250,Katy Perry
251,Khalid
252,Killswitch Engage
253,Lil Durk
254,Limp Bizkit
255,Little Brother
256,Madonna
257,Maggie Rogers
258,Denzel Curry
259,Drake
260,Flying Lotus
261,Frank Turner
262,Half Alive
263,Helloween
264,Iggy Azalea
265,Interpol
266,James Blake
267,James Morrison
268,5 Seconds of Summer (5SOS)
269,Bandana
270,Banks
271,Bebe Rexha
272,Better Oblivion Community Center
273,Big Thief
274,Billy Woods & Kenny Segal
275,Capture
276,Cardi B
277,Carly Rae Jepsen
278,Clairo
279,Alice In Chains
280,alt-J
281,Audiomachine
282,Billy Ray Cyrus
283,Bon Iver
284,Children Of Bodom
285,DaBaby
286,Ed Sheeran
287,Ella Mai
288,Flo Rida
289,Gucci Mane
290,Gunna
291,Halsey
292,Joyner Lucas
293,Lewis Capaldi
294,Lil Uzi Vert
295,Lizzo
296,Logic
297,Macklemore
298,Mark Ronson
299,Meek Mill
300,Michl
301,Nav/Attack
302,PnB Rock
303,Powerwolf
304,Ruelle
305,Still Corners
306,Travis Scott
307,Tyga
308,Tyler  The Creator
309,Young Thug
310,Alice Merton
311,Andy Black
312,AnnenMayKantereit
313,Cigarettes After Sex
314,Death
315,Disturbed
316,Eagulls
317,Fall Out Boy
318,Glass Animals
319,Godsmack
320,Incubus
321,Joywave
322,Lorde
323,Melendi
324,Motionless in White
325,Natalie Merchant
326,NeedtoBreathe
327,Orchestral Manoeuvres in the Dark (OMD)
328,Papa Roach
329,Paramore
330,Payable On Death (P.O.D.)
331,Rise Against
332,Russ
333,Sean Paul
334,Suicideboys
335,Tash Sultana
336,The Cranberries
337,The Offspring
338,The Vaccines
339,Velvet Revolver
340,A Day to  Remember
341,Adele
342,Ariana Grande
343,Blink-182
344,Fergie
345,Miley Cyrus
346,The 1975
347,AJR
348,Avicii
349,Caravan Palace
350,Cazzette
351,Eden
352,Greta Van Fleet
353,Illenium
354,James Blunt
355,Jonas Brothers
356,Kodaline
357,Nightwish
358,Of Monsters and Men
359,One Direction
360,OneRepublic
361,Owl City
362,Rosalía
363,Warmen
364,BTS
365,EXO
366,Ghost
367,Joan Jett & The Blackhearts
368,Los Prisioneros
369,Simple Plan
370,The Weeknd
371,Blackbear
372,Breaking Benjamin
373,Caifanes
374,Pantera
375,Phoenix
376,Three Days Grace
377,Zoé
378,Pierce the Veil
379,Our Last Night
380,Royal Blood
381,Zaz
382,Bastille
383,Kaleo
384,El Tri
385,Panda (PXNDX)
386,Sleeping With Sirens
387,Phil Collins
388,Los Ramones
389,Elvis Presley
390,Cultura Profetica
391,Fito Paez
392,Thousand foot krutch
393,KISS
394,Ozzy Osbourne
395,Deep Purple
396,los fabulosos cadillacs
397,Tyler Joseph
398,Tricky
399,Hozier
400,Arctic Monkeys
401,Modest Mouse
402,Creed
403,Sia
404,The Sex Pistols
405,Daft Punk
406,Bullet for my Valentine
407,Ill Niño
408,The All American Rejects
409,Vitamin X
410,Talking Heads
411,The War On Drugs
412,Bring Me the Horizon
413,Shriekback
414,Imagine Dragons
415,The White Stripes
416,Christina Perri
417,The Red Jumpsuit Apparatus
418,GIT
419,Enjambre
420,Dio
421,Bazzi
422,Astrix
423,Avril Lavigne
424,Bars and Melody
425,blur
426,sodom
427,Jarabe de palo
428,Sopor Aeternus and the Ensemble of Shadows
429,Panteón Rococó
430,Scarlxrd
431,Falling Up
432,Nattramn
433,Primus
434,Ruel
435,pillar
436,Gian Marco Zignago
437,Charlotte de witte
438,Armin van Buuren
439,Anabantha
440,Avenged Sevenfold
441,jimi hendrix
442,Panic at the disco
443,Pedro suarez
444,Nacho Vegas
445,Fobia
446,Stone Sour
447,Shawn Mendes
448,Deftones
449,Billie Eilish
450,Ice Cube
451,aurora aksnes
452,Graham Coxon
453,Indio Solari
454,Mushroomhead
455,Ghostemane
456,Passenger
457,The Neighbourhood
458,Grandson
459,Porta
460,Marilyn Manson
461,My Chemical Romance
462,Charly Garcia
463,The Smiths
464,john Legend
465,U2
466,Slipknot
467,Two Feet
468,Spinetta
469,Tame Impala
470,Judas Priest
471,Seafret
472,Estelares
473,The Doors
474,keane
475,the verve
476,Seru giran
477,Laura Pergolizzi
478,Viejas Locas
479,Eruca Sativa
480,Los abuelos de la Nada
481,Intoxicados
482,Motorhead
483,Harry Nilsson
484,Two door cinema club
485,The Strokes
486,The killers
487,Slash
488,Paul Simon
489,Foster The People
490,Genesis
491,Lana del rey
492,Arcade Fire
493,Eminem
494,Megadeth
495,Rage Against the Machine
496,mumford & sons
497,Queens of the Stone Age
498,Enrique bunbury
499,Enya
500,Enanitos Verdes
501,Hombres G
502,LPDA
503,Los redondos
504,divididos
505,Cafe tacvba
506,Laura Pausini
507,Kapanga
508,Coldplay
509,Oasis
510,Temple of the dog
511,Soundgarden
512,Audioslave
513,Chris Cornell
514,serj tankian
515,Queen
516,Twenty One Pilots
517,Black Sabbath
518,The Beatles
519,Jeff Buckley
520,Muse
521,Scorpions
522,Rata Blanca
523,Linkin Park
524,The Fray
525,System of a Down
526,Green Day
527,The rolling stones
528,Oreja de Van Gogh
529,Pearl Jam
530,Los Tipitos
531,Pink Floyd
532,Radiohead
533,The who?
534,Natalia Lafourcade
535,Nickelback
536,korn
537,Heroes del silencio
538,Bon Jovi
539,Franz Ferdinand
540,Justin Timberlake
541,Ryhe
542,MGMT
543,AC/DC
544,Rammstein
545,Guns
546,Nirvana
547,A77aque
548,Cruachan
549,Cuarteto
550,Led Zeppelin
551,Cerati
552,catupecu
553,ciro
554,La renga
555,Metallica
556,Foo fighters
557,Red Hot
558,Los piojos
559,Artic Monkeys
560,Arbol
561,Soda Stereo
562,Gorillaz
563,Mago de oz
564,Babasonicos